Date,Name,Year,Letterboxd URI,Rating,Rewatch,Tags,Watched Date
2026-02-02,Paddington 2,2017,https://boxd.it/paddin,3,,,2026-02-02
2026-09-11,Dune: Part Two,2024,https://boxd.it/dune:p,5,,,2026-09-11
2026-08-30,Spirited Away,2001,https://boxd.it/spirit,4.5,,,2026-08-30
2026-04-18,The Godfather,1972,https://boxd.it/thegod,,,,2026-04-18
2026-01-15,Spirited Away,2001,https://boxd.it/spirit,5,Yes,,2026-01-15
2026-08-10,The Godfather,1972,https://boxd.it/thegod,4,Yes,,2026-08-10
2026-01-02,Before Sunrise,1995,https://boxd.it/before,4.5,,,2026-01-02
2026-05-17,Spirited Away,2001,https://boxd.it/spirit,4.5,Yes,,2026-05-17
2026-04-28,Before Sunrise,1995,https://boxd.it/before,4,Yes,,2026-04-28
2026-06-12,Dune: Part Two,2024,https://boxd.it/dune:p,,Yes,,2026-06-12
2026-01-14,Past Lives,2023,https://boxd.it/pastli,4.5,,,2026-01-14
2026-01-05,Whiplash,2014,https://boxd.it/whipla,3.5,,,2026-01-05
2026-04-21,Aftersun,2022,https://boxd.it/afters,3.5,,,2026-04-21
2026-01-15,Mad Max: Fury Road,2015,https://boxd.it/madmax,4,,,2026-01-15
2026-08-13,Parasite,2019,https://boxd.it/parasi,3.5,,,2026-08-13
2026-04-30,Whiplash,2014,https://boxd.it/whipla,3,Yes,,2026-04-30
2026-04-23,Parasite,2019,https://boxd.it/parasi,5,Yes,,2026-04-23
2026-05-29,Spirited Away,2001,https://boxd.it/spirit,,Yes,,2026-05-29
2026-02-21,The Godfather,1972,https://boxd.it/thegod,2.5,Yes,,2026-02-21
2026-06-01,Aftersun,2022,https://boxd.it/afters,,Yes,,2026-06-01
2026-06-20,Mad Max: Fury Road,2015,https://boxd.it/madmax,4.5,Yes,,2026-06-20
2026-09-14,Mad Max: Fury Road,2015,https://boxd.it/madmax,3.5,Yes,,2026-09-14
2026-04-08,Whiplash,2014,https://boxd.it/whipla,3,Yes,,2026-04-08
2026-09-13,In the Mood for Love,2000,https://boxd.it/inthem,5,,,2026-09-13
2026-07-21,Whiplash,2014,https://boxd.it/whipla,4,Yes,,2026-07-21
2026-01-18,Oppenheimer,2023,https://boxd.it/oppenh,3.5,,,2026-01-18
2026-07-26,Parasite,2019,https://boxd.it/parasi,3.5,Yes,,2026-07-26
2026-03-30,Aftersun,2022,https://boxd.it/afters,3,Yes,,2026-03-30
2026-07-11,Whiplash,2014,https://boxd.it/whipla,,Yes,,2026-07-11
2026-09-18,Spirited Away,2001,https://boxd.it/spirit,,Yes,,2026-09-18
2026-03-25,Before Sunrise,1995,https://boxd.it/before,4,Yes,,2026-03-25
2026-07-21,Oppenheimer,2023,https://boxd.it/oppenh,3,Yes,,2026-07-21
2026-01-16,Spirited Away,2001,https://boxd.it/spirit,3.5,Yes,,2026-01-16
2026-06-07,Past Lives,2023,https://boxd.it/pastli,4.5,Yes,,2026-06-07
2026-07-21,Oppenheimer,2023,https://boxd.it/oppenh,4.5,Yes,,2026-07-21
2026-03-28,Paddington 2,2017,https://boxd.it/paddin,4,Yes,,2026-03-28
2026-01-07,Parasite,2019,https://boxd.it/parasi,5,Yes,,2026-01-07
2026-04-29,Parasite,2019,https://boxd.it/parasi,3.5,Yes,,2026-04-29
2026-06-26,Whiplash,2014,https://boxd.it/whipla,5,Yes,,2026-06-26
2026-06-30,Heat,1995,https://boxd.it/heat,3.5,,,2026-06-30
2026-05-18,Perfect Days,2023,https://boxd.it/perfec,4.5,,,2026-05-18
2026-01-03,Whiplash,2014,https://boxd.it/whipla,3.5,Yes,,2026-01-03
2026-09-20,Before Sunrise,1995,https://boxd.it/before,5,Yes,,2026-09-20
2026-09-23,Paddington 2,2017,https://boxd.it/paddin,5,Yes,,2026-09-23
2026-04-16,Whiplash,2014,https://boxd.it/whipla,3.5,Yes,,2026-04-16
2026-09-04,Past Lives,2023,https://boxd.it/pastli,5,Yes,,2026-09-04
2026-04-13,Alien,1979,https://boxd.it/alien,4,,,2026-04-13
2026-09-06,The Godfather,1972,https://boxd.it/thegod,5,Yes,,2026-09-06
2026-08-01,Alien,1979,https://boxd.it/alien,3,Yes,,2026-08-01
2026-06-19,Past Lives,2023,https://boxd.it/pastli,3.5,Yes,,2026-06-19
2026-01-15,Heat,1995,https://boxd.it/heat,5,Yes,,2026-01-15
2026-04-01,Parasite,2019,https://boxd.it/parasi,4,Yes,,2026-04-01
2026-04-03,Heat,1995,https://boxd.it/heat,5,Yes,,2026-04-03
2026-05-11,Dune: Part Two,2024,https://boxd.it/dune:p,,Yes,,2026-05-11
2026-02-06,Oppenheimer,2023,https://boxd.it/oppenh,,Yes,,2026-02-06
2026-01-09,Oppenheimer,2023,https://boxd.it/oppenh,3.5,Yes,,2026-01-09
2026-05-24,Past Lives,2023,https://boxd.it/pastli,2.5,Yes,,2026-05-24
2026-02-26,In the Mood for Love,2000,https://boxd.it/inthem,5,Yes,,2026-02-26
2026-04-05,Heat,1995,https://boxd.it/heat,3,Yes,,2026-04-05
2026-02-05,In the Mood for Love,2000,https://boxd.it/inthem,2.5,Yes,,2026-02-05
